[
  {
    "id": "magic-cake",
    "title": "Magic Cake",
    "image": "assets/img/magic_cake_small.jpg",
    "description": "A decadent custard-like cake that magically forms layers while baking.",
    "ingredients": [
      "4 eggs (at room temperature)",
      "3/4 cup sugar",
      "8 tablespoons butter (unsalted and melted)",
      "1 teaspoon vanilla extract",
      "3/4 cup all-purpose flour",
      "2 cups milk (lukewarm *)",
      "powdered sugar (for dusting)"
    ],
    "directions": [
      "Preheat oven to 160\u00b0C (320\u00b0F).",
      "Separate egg whites and yolks. Whisk yolks with sugar and vanilla, add melted butter.",
      "Add flour, then warm milk slowly.",
      "Beat egg whites to stiff peaks and fold gently into batter.",
      "Pour into a prepared pan and bake for 50\u201360 minutes until set.",
      "Cool and dust with powdered sugar before serving."
    ]
  },
  {
    "id": "pasta",
    "title": "Easy Vegetarian Pasta",
    "image": "assets/img/pasta_small.jpg",
    "description": "Quick vegetarian pasta with seasonal vegetables and a light sauce.",
    "ingredients": [
      "200g pasta",
      "1 cup cherry tomatoes",
      "1/2 cup bell peppers",
      "2 cloves garlic",
      "Olive oil, salt, pepper, herbs"
    ],
    "directions": [
      "Cook pasta as per package instructions.",
      "Saut\u00e9 garlic and vegetables in olive oil until tender.",
      "Toss pasta with vegetables and seasonings. Serve warm."
    ]
  },
  {
    "id": "chicken",
    "title": "Korean Fried Chicken",
    "image": "assets/img/korean_chicken_small.jpg",
    "description": "Crispy fried chicken with a sticky sweet-spicy glaze.",
    "ingredients": [
      "500g chicken pieces",
      "1 cup flour",
      "1 tsp salt",
      "1 egg",
      "Oil for frying",
      "Sauce: gochujang, honey, soy, garlic"
    ],
    "directions": [
      "Season and dredge chicken in flour mixture.",
      "Fry until golden and cooked through.",
      "Prepare glaze and coat fried chicken before serving."
    ]
  }
]